{"cameraMode":{"drawMode":0,"name":"Shaded","section":"Shading Mode"},"sceneLighting":false,"audioPlay":false,"sceneViewState":{"m_AlwaysRefresh":false,"showFog":true,"showSkybox":false,"showFlares":true,"showImageEffects":true,"showParticleSystems":true,"showVisualEffectGraphs":true,"m_FxEnabled":true},"in2DMode":false,"pivot":{"x":-0.0032900571823120119,"y":-0.147117018699646,"z":2.7885799407958986},"rotation":{"x":-0.0711096003651619,"y":0.5764728784561157,"z":-0.05046890676021576,"w":-0.8124675750732422},"size":0.8660253882408142,"orthographic":false}